<?xml version="1.0" encoding="utf-8"?>
<metadata>
	<layout title="COM_USER_REGISTRATION_VIEW_DEFAULT_TITLE" option="COM_USER_REGISTRATION_VIEW_DEFAULT_OPTION">
		<help
			key="JHELP_MENUS_MENU_ITEM_USER_REGISTRATION"
		/>
		<message>
			<![CDATA[COM_USER_REGISTRATION_VIEW_DEFAULT_DESC]]>
		</message>
	</layout>

	<!-- Add fields to the parameters object for the layout. -->
	<fields name="params">

		<!-- Basic options. -->
		<fieldset name="basic" label="COM_MENUS_BASIC_FIELDSET_LABEL">
		</fieldset>
	</fields>
</metadata>
