<?xml version="1.0" encoding="utf-8"?>
<!DOCTYPE install PUBLIC "-//Joomla! 2.5//DTD template 1.0//EN" "http://www.joomla.org/xml/dtd/1.6/template-install.dtd">
<extension version="2.5" client="site" type="template" method="upgrade">
    <name>dd_gamseportal_22</name>
   <creationDate>2013-03-27</creationDate>
    <version>3.0</version>
    <author>www.diablodesign.eu</author>
    <authorUrl>http://www.diablodesign.eu</authorUrl>
                 <description><![CDATA[	<h1>DD Games Portal</h1>
    <span style="font-size: 15px;font-weight:bold;">
			DD Games Portal template ,design by DiabloDesign.
			<span style="color:red; font-weight: bold; ">!Not for commercial!!! for commercial use, you must pay a special license (5 EURO) .</span> <br />
			    <span style="font-size: 15px;font-weight:bold;">
			<br />DD Games Portal template ,design by DiabloDesign.
			<span style="color:green; font-weight: bold; ">!Szablonu nie można używać na stonach firmowych!!! Licencja dla stron firmowych kosztuje. (5 EURO) .</span> <br />				
			<br />Visit Diablodesign.eu: <a href="http://www.diablodesign.eu" target="_blank">http://www.diablodesign.eu</a>.<br />
			</span>	
	
<h3>Position Modules</h3>	
<img src="../templates/dd_gamseportal_22/images/pozycje.jpg" align="left" hspace="10" style="padding-right:10px;"/>
	<b>Free Joomla 2.5 i 3.0 Template developed by <a target="_blank" href="http://www.diablodesign.eu">www.diablodesign.eu</a>, released under the <a target="_blank" href="http://creativecommons.org/licenses/by/3.0/us/">Creative Commons Attribution 3.0</a>.
	<br />Our free joomla templates may be used for both personal websites.<br />
	<br />Copyright 2013 www.diablodesign.eu - All Rights Reserved</b>

	]]>
	
	
	</description>
    <files>
        <folder>css</folder>
		<folder>js</folder>
		<folder>themes</folder>
        <folder>html</folder>
        <folder>images</folder>
           <folder>library</folder>
        <file>component.php</file>
        <file>favicon.ico</file>
        <file>functions.php</file>
        <file>index.html</file>
        <file>index.php</file>
        <file>jquery.js</file>
        <file>script.js</file>
        <file>script.responsive.js</file>
        <file>templateDetails.xml</file>
        <file>template_thumbnail.png</file>
    </files>
    <positions>
        <position>debug</position>
        <position>position-1</position>
        <position>position-2</position>
        <position>position-4</position>
        <position>position-5</position>
        <position>position-7</position>
        <position>position-9</position>
        <position>position-10</position>
        <position>position-11</position>
        <position>position-12</position>
        <position>position-15</position>
        <position>position-16</position>
        <position>position-17</position>
        <position>position-18</position>
        <position>position-19</position>
        <position>position-20</position>
        <position>position-21</position>
        <position>position-22</position>
        <position>position-23</position>
        <position>position-24</position>
        <position>position-25</position>
        <position>position-26</position>
        <position>position-27</position>
        <position>position-28</position>
        <position>position-29</position>
        <position>position-30</position>
		<position>slideshow</position>
    </positions>
    <config>
        <fields name="params">
			<!--logo-->
			 <fieldset name="logo" label="Configuration Logo / Konfiguracja logo"><field name="logo" type="media" label="Select image " description="Logo" default="templates/dd_gamseportal_22/images/logo.png"/>

					<field type="spacer" class="text" label="&lt;b style='color:red;'&gt;Logo size / Rozmiar logo 400px / 70px !&lt;/b&gt;&lt;/a&gt;" />
				</fieldset>
            	<!--slideshow-->
				<fieldset name="animacja" label="Configuration Slideshow / Konfiguracja animacji">
					<field type="spacer" class="text" label="&lt;b style='color:red;'&gt;Rozmiar fotografi musi wynosić 700px na 280px !&lt;/b&gt;&lt;/a&gt;" />
					<field type="spacer" class="text" label="&lt;b style='color:green;'&gt;Size photo must be 700px to 280px! !&lt;/b&gt;&lt;/a&gt;" />
			<field name="foto1" type="media" label="Upload foto 1" description="" default="templates/dd_gamseportal_22/images/slideshow/1.jpg"/>
			<field name="foto2" type="media" label="Upload foto 2" description="" default="templates/dd_gamseportal_22/images/slideshow/2.jpg"/>
			<field name="foto3" type="media" label="Upload foto 3" description="" default="templates/dd_gamseportal_22/images/slideshow/3.jpg"/>
			<field name="foto4" type="media" label="Upload foto 4" description="" default="templates/dd_gamseportal_22/images/slideshow/4.jpg"/>
			<field name="foto5" type="media" label="Upload foto 5" description="" default="templates/dd_gamseportal_22/images/slideshow/5.jpg"/>
			<field name="slider_enabled" type="radio" default="1" label="Enable the frontpage slider" description="Enable the Frontpage Slider">
					<option value="0">Disabled / WYLACZ</option>
					<option value="1">Enabled / ZALACZ</option>
					<field type="spacer" class="text" label="&lt;b style='color:red;'&gt;Można wyłączyć wbudowaną animację i w to miejsce ustawić moduł który ustawiamy na pozycji slideshow !&lt;/b&gt;&lt;/a&gt;" />
					<field type="spacer" class="text" label="&lt;b style='color:green;'&gt;You can disable the built-in animation and a place to set the module to set the position of slideshow! !&lt;/b&gt;&lt;/a&gt;" />
				</field></fieldset>
				<!--social icon-->
		<fieldset name="social" label="Links to social networking sites / linki ikony społecznościowe">	
		
		<field name="facebook" type="text" default="http://" label="Facebook url:" description="Facebook link" filter="string" />
				<field name="iconf" type="radio" default="1" label="" description="">
					<option value="0">Disabled / WYLACZ</option>
					<option value="1">Enabled / ZALACZ</option>
				</field>
				
				
			<field name="twitter" type="text" default="http://" label="Twitter url:" description="twitter link" filter="string" />
				<field name="icont" type="radio" default="1" label="" description="">
					<option value="0">Disabled / WYLACZ</option>
					<option value="1">Enabled / ZALACZ</option>
				</field>
			<field name="digg" type="text" default="http://" label="Digg url:" description="digg link" filter="string" />
				<field name="icond" type="radio" default="1" label="" description="">
					<option value="0">Disabled / WYLACZ</option>
					<option value="1">Enabled / ZALACZ</option>
				</field>
			<field name="flickr" type="text" default="http://" label="Flickr url:" description="flickr link" filter="string" />
				<field name="iconfl" type="radio" default="1" label="" description="">
					<option value="0">Disabled / WYLACZ</option>
					<option value="1">Enabled / ZALACZ</option>
				</field>
			<field name="youtube" type="text" default="http://" label="Youtube url:" description="youtube link" filter="string" />
				<field name="icony" type="radio" default="1" label="" description="">
					<option value="0">Disabled / WYLACZ</option>
					<option value="1">Enabled / ZALACZ</option>
				</field>
			<field name="skype" type="text" default="http://" label="Skype url:" description="skype link" filter="string" />
				<field name="icons" type="radio" default="1" label="" description="">
					<option value="0">Disabled / WYLACZ</option>
					<option value="1">Enabled / ZALACZ</option>
				</field>
		<field type="spacer" class="text" label="&lt;b style='color:red;'&gt;Disabled all share icon! / WYLACZ WSZYTKIE IKONY SPOLECZNOSCIOWE !&lt;/b&gt;&lt;/a&gt;" />
			<field name="allicon" type="radio" default="1" label="" description="test">
					<option value="0">Disabled / WYLACZ</option>
					<option value="1">Enabled / ZALACZ</option>
				</field>
			</fieldset>
			<!--hotinfo-->
			<fieldset name="hotinfo" label="Hot Info Scroll / Informacja przewijana">
               
				<field name="hotinfo" type="textarea" default="Lorem ipsum dolor sit amet, consectetur adipisicing elit, sed do eiusmod tempor incididunt ut labore et dolore magna aliqua." rows="8" cols="60"  label="Hot Info" description="info text " />
<field name="hl" type="text" default="http://" size="50" label="link HotInfo  " description="link HotInfo"/>
            </fieldset>
			<!--top-->
					<fieldset name="scroll" label="Back To Top / Powrót na góre">
               
				  <field name="scroll" type="text" default="Back To Top" size="50" label="Back To Top" description="Back To Top"/>

            </fieldset>
			<!--footer-->
			<fieldset name="footer" label="Footer / Konfiguracja stopki">       
<field name="stopka" type="text" default="Games Site" size="50" label="Site name" description="footer site name"/>

            </fieldset>
        </fields>
    </config>

</extension>