<?xml version="1.0" encoding="utf-8"?>
<extension type="module" version="2.5.0" client="site" method="upgrade">
    <name>MOD_COALAWEBLIKEBOX</name>
    <creationDate>2015-01-03</creationDate>
    <author>Steven Palmer</author>
    <authorEmail>support@coalaweb.com</authorEmail>
    <authorUrl>http://coalaweb.com</authorUrl>
    <copyright>Copyright (c) 2015 Steven Palmer All rights reserved.</copyright>
    <license>http://www.gnu.org/copyleft/gpl.html GNU/GPL</license>
    <version>0.1.9</version>
    <description>MOD_COALAWEBLIKEBOX_DESC</description>
    
    <languages folder="language">
        <language tag="en-GB">en-GB/en-GB.mod_coalaweblikebox.ini</language>
        <language tag="en-GB">en-GB/en-GB.mod_coalaweblikebox.sys.ini</language>
    </languages>        
    
    <files>
        <filename module="mod_coalaweblikebox">mod_coalaweblikebox.php</filename>
        <filename>index.html</filename>
        <filename>helper.php</filename>
        <folder>tmpl</folder>
        <folder>assets</folder>
        <folder>language</folder>
    </files>
        
    <media destination="coalawebsocial/modules/likebox" folder="media">
        <filename>index.html</filename>
        <folder>css</folder>
    </media>
    
        <!-- HELP FILE -->
    <help url="MOD_COALAWEBLIKEBOX_HELP_URL" />
        
    <!-- UPDATESERVER DEFINITION -->
    <updateservers></updateservers>
    
    <config>
        <fields 
            name="params" 
            addfieldpath="plugins/system/cwgears/fields">
            
            <fieldset 
                name="GENERAL"               
                label="MOD_CWLIKEBOX_GENERAL_OPTIONS" >
                        
                <field 
                    name="css_import" 
                    type="css"/>
                                              
                <field 
                    name="fb_page_link" 
                    type="text" 
                    default="" 
                    size="" 
                    label="MOD_CWLIKEBOX_FIELD_PAGEURL_LABEL" 
                    description="MOD_CWLIKEBOX_FIELD_PAGEURL_DESC" /> 
                
                <field 
                    name="layout" 
                    type="list" 
                    default="default" 
                    label="MOD_CWLIKEBOX_FIELD_MODLAYOUT_LABEL" 
                    description="MOD_CWLIKEBOX_FIELD_MODLAYOUT_DESC" >
                    <option value="default">MOD_CWLIKEBOX_FIELD_MODLAYOUT_OPT1</option>
                    <option value="xfbml">MOD_CWLIKEBOX_FIELD_MODLAYOUT_OPT2</option>
                    <option value="iframe">MOD_CWLIKEBOX_FIELD_MODLAYOUT_OPT3</option>
                </field>
                
            </fieldset>
                
            <fieldset 
                name="LAYOUT"               
                label="MOD_CWLIKEBOX_LAYOUT_OPTIONS" >
                      
                <field
                    name="fb_width" 
                    type="text" 
                    default="250" 
                    label="MOD_CWLIKEBOX_FIELD_WIDTH_LABEL" 
                    description="MOD_CWLIKEBOX_FIELD_WIDTH_DESC" />
                
                <field 
                    name="fb_height" 
                    type="text" 
                    default="500" 
                    label="MOD_CWLIKEBOX_FIELD_HEIGHT_LABEL" 
                    description="MOD_CWLIKEBOX_FIELD_HEIGHT_DESC" />
                
                <field 
                    name="module_width" 
                    type="list" 
                    default="100" 
                    label="MOD_CWLIKEBOX_FIELD_MODWIDTH_LABEL" 
                    description="MOD_CWLIKEBOX_FIELD_MODWIDTH_DESC" >
                    <option value="100">100%</option>
                    <option value="90">90%</option>
                    <option value="80">80%</option>
                    <option value="70">70%</option>
                    <option value="60">60%</option>
                    <option value="50">50%</option>
                </field>               
                
            </fieldset>
            
            <fieldset 
                name="STYLE"               
                label="MOD_CWLIKEBOX_STYLE_OPTIONS" >
                                
                <field 
                    name="fb_color" 
                    type="radio"
                    class="btn-group" 
                    default="light" 
                    label="MOD_CWLIKEBOX_FIELD_COLOR_LABEL" 
                    description="MOD_CWLIKEBOX_FIELD_COLOR_DESC">
                    <option value="light">MOD_CWLIKEBOX_FIELD_COLOR_OPT1</option>
                    <option value="dark">MOD_CWLIKEBOX_FIELD_COLOR_OPT2</option>
                </field>
                
                <field 
                    name="fb_border" 
                    type="radio"
                    class="btn-group" 
                    default="0" 
                    label="MOD_CWLIKEBOX_FIELD_DISPLAY_BORDER_LABEL" 
                    description="MOD_CWLIKEBOX_FIELD_DISPLAY_BORDER_DESC">
                    <option value="0">CW_NO</option>
                    <option value="1">CW_YES</option>
                </field>
                
                <field 
                    name="fb_faces" 
                    type="radio"
                    class="btn-group" 
                    default="1" 
                    label="MOD_CWLIKEBOX_FIELD_FACES_LABEL" 
                    description="MOD_CWLIKEBOX_FIELD_FACES_DESC">
                    <option value="0">CW_NO</option>
                    <option value="1">CW_YES</option>
                </field>
                
                <field 
                    name="fb_header" 
                    type="radio"
                    class="btn-group" 
                    default="0" 
                    label="MOD_CWLIKEBOX_FIELD_HEADER_LABEL" 
                    description="MOD_CWLIKEBOX_FIELD_HEADER_DESC">
                    <option value="0">CW_NO</option>
                    <option value="1">CW_YES</option>
                </field>
            </fieldset>
            
            <fieldset 
                name="EXTRA"               
                label="MOD_CWLIKEBOX_EXTRA_OPTIONS" >
                                
                <field 
                    name="fb_stream" 
                    type="radio"
                    class="btn-group" 
                    default="1" 
                    label="MOD_CWLIKEBOX_FIELD_STREAM_LABEL" 
                    description="MOD_CWLIKEBOX_FIELD_STREAM_DESC">
                    <option value="0">CW_NO</option>
                    <option value="1">CW_YES</option>
                </field>               
                
                <field 
                    name="fb_force_wall" 
                    type="radio"
                    class="btn-group" 
                    default="0" 
                    label="MOD_CWLIKEBOX_FIELD_FORCE_WALL_LABEL" 
                    description="MOD_CWLIKEBOX_FIELD_FORCE_WALL_DESC">
                    <option value="0">CW_NO</option>
                    <option value="1">CW_YES</option>
                </field>
                
            </fieldset>
				
            <fieldset name="advanced">
                        
                <field 
                    name="module_unique_id" 
                    type="text" 
                    default="cwlikebox1" 
                    label="MOD_CWLIKEBOX_FIELD_MODID_LABEL" 
                    description="MOD_CWLIKEBOX_FIELD_MODID_DESC" />
                                                
                <field 
                    name="moduleclass_sfx" 
                    type="text"
                    label="COM_MODULES_FIELD_MODULECLASS_SFX_LABEL"
                    description="COM_MODULES_FIELD_MODULECLASS_SFX_DESC" />

                <field 
                    name="owncache" 
                    type="list" 
                    default="1"
                    label="COM_MODULES_FIELD_CACHING_LABEL" 
                    description="COM_MODULES_FIELD_CACHING_DESC" >
                    <option value="1">JGLOBAL_USE_GLOBAL</option>
                    <option value="0">COM_MODULES_FIELD_VALUE_NOCACHING</option>
                </field>

                <field 
                    name="cache_time" 
                    type="text" 
                    default="900"
                    label="COM_MODULES_FIELD_CACHE_TIME_LABEL" 
                    description="COM_MODULES_FIELD_CACHE_TIME_DESC" />

                <field 
                    name="load_layout_css" 
                    type="radio" 
                    class="btn-group"  
                    default="1" 
                    label="MOD_CWLIKEBOX_FIELD_LOADCSS_LABEL" 
                    description="MOD_CWLIKEBOX_FIELD_LOADCSS_DESC">
                    <option value="0">CW_NO</option>
                    <option value="1">CW_YES</option>
                </field>         

            </fieldset>
            
            <fieldset 
                name="VERSION"
                label="MOD_CWLIKEBOX_TITLE_VERSION">
                
                <field 
                    name="go_pro"
                    type="upgrade"
                    label="MOD_CWLIKEBOX_MSG_UPGRADE"/>
                
                <field 
                    name="version_info"
                    type="version"
                    label="com_coalawebsociallinks"/>
            </fieldset>
            
        </fields>
    </config>	
</extension>