<?xml version="1.0" encoding="utf-8"?>
<extension type="module" version="2.5" client="site" method="upgrade">
	<name>joombig slider effects with navigation images</name>
	<author>joombig.com</author>
	<creationDate>Mach 2014</creationDate>
	<copyright>Copyright (C) 2013 joombig.com. All rights reserved.</copyright>
	<license>http://www.gnu.org/licenses/gpl-2.0.html GNU/GPL</license>
	<authorEmail>support@joombig.com</authorEmail>
	<authorUrl>www.joombig.com</authorUrl>
	<version>1.0</version>
	<description>MODULE_DESC</description>
	 <languages>
    <language tag="en-GB">language/en-GB.mod_joombig_slider_effects_with_navigation_images.ini</language>
  </languages>
	<files>
		<filename module="mod_joombig_slider_effects_with_navigation_images">mod_joombig_slider_effects_with_navigation_images.php</filename>
		<filename>helper.php</filename>
		<filename>index.html</filename>
		<folder>elements/</folder>
		<folder>assets/</folder>
		<folder>tmpl/</folder>
		<folder>language/</folder>
	</files>
	<config>
		<fields name="params" addfieldpath="/modules/mod_joombig_slider_effects_with_navigation_images/elements">
			<fieldset name="basic">
				<field name="moduleclass_sfx" type="text" default="" label="Module Class Suffix" description="A suffix to be applied to the css class of the module (table.moduletable), this allows individual module styling" />
				<field name="path" type="foldertree" default="" directory="images" filter="" label="Image large directory" description="Select a image directory" />
				<field name="width_module" type="text" default="990" label="Width of module" description="Width without px" />
				<field name="height_module" type="text" default="306" label="Height of module" description="Height without px" />
				<field name="left_module" type="text" default="0" label="Left of module" description="Left without px" />
				<field name="img_thumb" type="list" default="1" label="Show/Hide image thumb" description="Show/Hide image thumb when hover">
					<option value="1">Show</option>
					<option value="0">Hide</option>
				</field>
				<field name="pause_time" type="text" default="4000" label="Pause time" description="Pause time slides" />
			</fieldset>
			
			<fieldset name="advanced">
				<field name="cache" type="list" default="1" label="Caching" description="Select whether to cache the content of this module">
					<option value="1">Use global</option>
					<option value="0">No caching</option>
				</field>
				<field name="cache_time" type="text" default="900" label="Cache Time" description="The time before the module is recached" />
			</fieldset>			
		</fields>
	</config>
</extension>