<?xml version="1.0" encoding="utf-8"?>
<extension type="module" version="2.5.0" client="site" method="upgrade">
    <name>MOD_COALAWEBSOCIALLINKS</name>
    <creationDate>2015-01-03</creationDate>
    <author>Steven Palmer</author>
    <authorEmail>support@coalaweb.com</authorEmail>
    <authorUrl>http://coalaweb.com</authorUrl>
    <copyright>Copyright (c) 2015 Steven Palmer All rights reserved.</copyright>
    <license>http://www.gnu.org/copyleft/gpl.html GNU/GPL</license>
    <version>0.1.9</version>
    <description>MOD_COALAWEBSOCIALLINKS_DESCRIPTION</description>
        
    <languages folder="language">
        <language tag="en-GB">en-GB/en-GB.mod_coalawebsociallinks.ini</language>
        <language tag="en-GB">en-GB/en-GB.mod_coalawebsociallinks.sys.ini</language>
    </languages>    
	
    <files>
        <filename module="mod_coalawebsociallinks">mod_coalawebsociallinks.php</filename>
        <filename>index.html</filename>
        <filename>helper.php</filename>
        <folder>tmpl</folder>
        <folder>assets</folder>
        <folder>language</folder>
    </files>
        
    <media destination="coalawebsocial/modules/sociallinks" folder="media">
        <filename>index.html</filename>
        <folder>css</folder>
    </media>
        
    <!-- HELP FILE -->
    <help url="MOD_COALAWEBSOCIALLINKS_HELP_URL" />
        
    <!-- UPDATESERVER DEFINITION -->
    <updateservers></updateservers>

    <config>
        <fields 
            name="params" 
            addfieldpath="plugins/system/cwgears/fields">
            
            <fieldset 
                name="GENERAL"               
                label="MOD_COALAWEBSOCIALLINKS_TABS_GENERAL_OPTIONS" >
                        
                <field 
                    name="css_import" 
                    type="css"/>
                
                <field 
                    name="themes_icon" 
                    type="folderlist" 
                    default="cws-circle-fadein"
                    hide_default="true"
                    hide_none="true"
                    directory="media/coalawebsocial/components/sociallinks/themes-icon"
                    label="MOD_COALAWEBSOCIALLINKS_FIELD_STYLE_LABEL" 
                    description="MOD_COALAWEBSOCIALLINKS_FIELD_STYLE_DESC" >
                </field>
                        
                <field 
                    name="icon_size" 
                    type="list" 
                    default="32" 
                    label="MOD_COALAWEBSOCIALLINKS_FIELD_SIZE_LABEL" 
                    description="MOD_COALAWEBSOCIALLINKS_FIELD_SIZE_DESC" >
                    <option value="16">16</option>
                    <option value="24">24</option>
                    <option value="32">32</option>
                    <option value="64">64</option>
                </field>
                        
                <field 
                    name="icon_align" 
                    type="radio" 
                    class="btn-group" 
                    default="cw-social-mod-icon-ac" 
                    label="MOD_COALAWEBSOCIALLINKS_FIELD_ICON_ALIGNMENT_LABEL" 
                    description="MOD_COALAWEBSOCIALLINKS_FIELD_ICON_ALIGNMENT_DESC" >
                    <option value="cw-social-mod-icon-al">MOD_COALAWEBSOCIALLINKS_FIELD_ALIGNMENT_OP1</option>
                    <option value="cw-social-mod-icon-ac">MOD_COALAWEBSOCIALLINKS_FIELD_ALIGNMENT_OP2</option>              
                    <option value="cw-social-mod-icon-ar">MOD_COALAWEBSOCIALLINKS_FIELD_ALIGNMENT_OP3</option>

                </field>
                        
                <field 
                    name="title_align" 
                    type="radio" 
                    class="btn-group"  
                    default="cw-social-mod-title-ac" 
                    label="MOD_COALAWEBSOCIALLINKS_FIELD_TITLE_ALIGNMENT_LABEL" 
                    description="MOD_COALAWEBSOCIALLINKS_FIELD_TITLE_ALIGNMENT_DESC" >
                    <option value="cw-social-mod-title-al">MOD_COALAWEBSOCIALLINKS_FIELD_ALIGNMENT_OP1</option>
                    <option value="cw-social-mod-title-ac">MOD_COALAWEBSOCIALLINKS_FIELD_ALIGNMENT_OP2</option>
                    <option value="cw-social-mod-title-ar">MOD_COALAWEBSOCIALLINKS_FIELD_ALIGNMENT_OP3</option>
                </field>
                        
                <field 
                    name="title_format" 
                    type="list" 
                    default="3"
                    label="MOD_COALAWEBSOCIALLINKS_FIELD_TITLE_FORMAT_LABEL" 
                    description="MOD_COALAWEBSOCIALLINKS_FIELD_TITLE_FORMAT_DESC" >
                    <option value="1">MOD_COALAWEBSOCIALLINKS_FIELD_TFORMAT_OP1</option>
                    <option value="2">MOD_COALAWEBSOCIALLINKS_FIELD_TFORMAT_OP2</option>
                    <option value="3">MOD_COALAWEBSOCIALLINKS_FIELD_TFORMAT_OP3</option>
                    <option value="4">MOD_COALAWEBSOCIALLINKS_FIELD_TFORMAT_OP4</option>
                    <option value="5">MOD_COALAWEBSOCIALLINKS_FIELD_TFORMAT_OP5</option>
                </field>
             
                <field 
                    name="display_bm_sec" 
                    type="radio" 
                    class="btn-group"  
                    default="1" 
                    label="MOD_COALAWEBSOCIALLINKS_FIELD_DISPLAY_BSEC_LABEL" 
                    description="MOD_COALAWEBSOCIALLINKS_FIELD_DISPLAY_BSEC_DESC" >
                    <option value="0">CW_NO</option>
                    <option value="1">CW_YES</option>
                </field>
                        
                <field 
                    name="display_f_sec" 
                    type="radio" 
                    class="btn-group"  
                    default="1" 
                    label="MOD_COALAWEBSOCIALLINKS_FIELD_DISPLAY_FSEC_LABEL" 
                    description="MOD_COALAWEBSOCIALLINKS_FIELD_DISPLAY_FSEC_DESC" >
                    <option value="0">CW_NO</option>
                    <option value="1">CW_YES</option>
                </field>
                        
                <field 
                    name="display_borders" 
                    type="radio" 
                    class="btn-group"  
                    default="1" 
                    label="MOD_COALAWEBSOCIALLINKS_FIELD_DISPLAY_BORDERS_LABEL" 
                    description="MOD_COALAWEBSOCIALLINKS_FIELD_DISPLAY_BORDERS_DESC" >
                    <option value="0">CW_NO</option>
                    <option value="1">CW_YES</option>
                </field>
                <field 
                    name="border_width" 
                    type="list" 
                    default="1" 
                    label="MOD_COALAWEBSOCIALLINKS_FIELD_BORDERWIDTH_LABEL" 
                    description="MOD_COALAWEBSOCIALLINKS_FIELD_BORDERWIDTH_DESC" >
                    <option value="1">MOD_COALAWEBSOCIALLINKS_FIELD_BORDERWIDTH_OPT1</option>
                    <option value="2">MOD_COALAWEBSOCIALLINKS_FIELD_BORDERWIDTH_OPT2</option>
                    <option value="3">MOD_COALAWEBSOCIALLINKS_FIELD_BORDERWIDTH_OPT3</option>
                    <option value="4">MOD_COALAWEBSOCIALLINKS_FIELD_BORDERWIDTH_OPT4</option>
                </field>
                        
                <field 
                    name="module_width" 
                    type="list" 
                    default="100" 
                    label="MOD_COALAWEBSOCIALLINKS_FIELD_MODWIDTH_LABEL" 
                    description="MOD_COALAWEBSOCIALLINKS_FIELD_MODWIDTH_DESC" >
                    <option value="100">100%</option>
                    <option value="90">90%</option>
                    <option value="80">80%</option>
                    <option value="70">70%</option>
                    <option value="60">60%</option>
                    <option value="50">50%</option>
                    <option value="40">40%</option>
                    <option value="30">30%</option>
                    <option value="20">20%</option>
                    <option value="10">10%</option>
                </field>
                
                <field 
                    name="layout" 
                    type="list" 
                    default="default" 
                    label="MOD_COALAWEBSOCIALLINKS_FIELD_MODLAYOUT_LABEL" 
                    description="MOD_COALAWEBSOCIALLINKS_FIELD_MODLAYOUT_DESC" >
                    <option value="default">MOD_COALAWEBSOCIALLINKS_FIELD_MODLAYOUT_OPT1</option>
                </field>
                
              <field
                    type="spacer" 
                    name="popup_spacer" 
                    label="MOD_COALAWEBSOCIALLINKS_SPACER_POPUP"
                    class="cw_label" />	
                
                <field 
                    name="popup_info"
                    type="info"
                    default=""
                    label="MOD_COALAWEBSOCIALLINKS_MSG_POPUP"/>
                                
                <field 
                    name="popup" 
                    type="radio" 
                    class="btn-group btn-group-yesno" 
                    default="0" 
                    label="MOD_COALAWEBSOCIALLINKS_FIELD_POPUP_LABEL" 
                    description="MOD_COALAWEBSOCIALLINKS_FIELD_POPUP_DESC" >
                    <option value="0">CW_NO</option>
                    <option value="1">CW_YES</option>
                </field>
                
                <field 
                    name="popup_follow" 
                    type="radio" 
                    class="btn-group btn-group-yesno" 
                    default="0" 
                    label="MOD_COALAWEBSOCIALLINKS_FIELD_POPUP_F_LABEL" 
                    description="MOD_COALAWEBSOCIALLINKS_FIELD_POPUP_F_DESC" >
                    <option value="0">CW_NO</option>
                    <option value="1">CW_YES</option>
                </field>

            </fieldset>
            
            <fieldset 
                name="ICONALT"
                label="MOD_COALAWEBSOCIALLINKS_ICONALT_OPTIONS" >
                
                <field 
                    name="basic_info"
                    type="info"
                    default=""
                    label="MOD_COALAWEBSOCIALLINKS_ALTICON_MSG"/>
                
                <field
                    type="spacer" 
                    name="gog_spacer_alt" 
                    label="MOD_COALAWEBSOCIALLINKS_TITLE_GOOGLEPLUS"
                    class="cw_label" />
                
                <field 
                    name="google_alt"
                    type="radio" 
                    class="btn-group"  
                    default="1" 
                    label="MOD_COALAWEBSOCIALLINKS_FIELD_ALTGOOGLE_LABEL" 
                    description="MOD_COALAWEBSOCIALLINKS_FIELD_ALTGOOGLE_DESC" >
                    <option value="0">CW_NO</option>
                    <option value="1">CW_YES</option>
                </field>
                
            </fieldset>
                    
            <fieldset 
                name="BOOKMARKTHIS_GENERAL"
                label="MOD_COALAWEBSOCIALLINKS_TABS_BOOKMARK_OPTIONS" >
                
                <field
                    type="spacer" 
                    name="default_spacer" 
                    label="MOD_COALAWEBSOCIALLINKS_SPACER_DEFAULT"
                    class="cw_label" />
                                
                <field 
                    name="title_default" 
                    type="text"
                    size="20" 
                    default="" 
                    label="MOD_COALAWEBSOCIALLINKS_FIELD_TITLEDEFAULT_BM_LABEL" 
                    description="MOD_COALAWEBSOCIALLINKS_FIELD_TITLEDEFAULT_BM_DESC" />
                
                <field 
                    name="link_default" 
                    type="text"
                    size="20" 
                    default="" 
                    label="MOD_COALAWEBSOCIALLINKS_FIELD_LINKDEFAULT_BM_LABEL" 
                    description="MOD_COALAWEBSOCIALLINKS_FIELD_LINKDEFAULT_BM_DESC" />
                                    
                <field
                    type="spacer" 
                    name="display_spacer" 
                    label="MOD_COALAWEBSOCIALLINKS_SPACER_DISPLAY"
                    class="cw_label" />
                
                <field 
                    name="border_color_bm" 
                    type="jscolor" 
                    default="#C4C4C4" 
                    label="MOD_COALAWEBSOCIALLINKS_FIELD_COLORBORDER_LABEL" 
                    description="MOD_COALAWEBSOCIALLINKS_FIELD_COLORBORDER_DESC" />
                                
                <field 
                    name="display_title_bm" 
                    type="radio" 
                    class="btn-group"  
                    default="1" 
                    label="MOD_COALAWEBSOCIALLINKS_FIELD_DISPLAYTITLE_BM_LABEL" 
                    description="MOD_COALAWEBSOCIALLINKS_FIELD_DISPLAYTITLE_BM_DESC" >
                    <option value="0">CW_NO</option>
                    <option value="1">CW_YES</option>
                </field>
                        
                <field 
                    name="title_bm" 
                    type="text" 
                    default="" 
                    size="20" 
                    label="MOD_COALAWEBSOCIALLINKS_FIELD_TITLE_BM_LABEL" 
                    description="MOD_COALAWEBSOCIALLINKS_FIELD_TITLE_BM_DESC" />
                            
                <field 
                    name="title_color_bm" 
                    type="jscolor" 
                    default="#444444" 
                    label="MOD_COALAWEBSOCIALLINKS_FIELD_COLORTITLE_LABEL" 
                    description="MOD_COALAWEBSOCIALLINKS_FIELD_COLORTITLE_DESC"/>
                
                <field 
                    name="display_text_bm" 
                    type="radio" 
                    class="btn-group"  
                    default="0" 
                    label="MOD_COALAWEBSOCIALLINKS_FIELD_DISPLAYTEXT_LABEL" 
                    description="MOD_COALAWEBSOCIALLINKS_FIELD_DISPLAYTEXT_DESC" >
                    <option value="0">CW_NO</option>
                    <option value="1">CW_YES</option>
                </field>
                
                <field 
                    name="text_bm" 
                    type="textarea" 
                    default="" 
                    rows="10" 
                    cols="30" 
                    filter="raw"
                    label="MOD_COALAWEBSOCIALLINKS_FIELD_TEXT_LABEL" 
                    description="MOD_COALAWEBSOCIALLINKS_FIELD_TEXT_LABEL" />        
            </fieldset>   
                
            <fieldset 
                name="BM_SOCIAL"
                label="MOD_COALAWEBSOCIALLINKS_TABS_BOOKMARK_SOCIAL_OPTIONS">   
             
                <field
                    type="spacer" 
                    name="bm_social_spacer" 
                    label="MOD_COALAWEBSOCIALLINKS_SPACER_SOCIAL"
                    class="cw_label" />
                
                <field 
                    name="fbappid_info"
                    type="info"
                    default=""
                    label="MOD_COALAWEBSOCIALLINKS_MSG_FB_APPID"/>
                
                <field 
                    name="app_id" 
                    type="text" 
                    default="" 
                    label="MOD_COALAWEBSOCIALLINKS_FIELD_APP_ID_LABEL" 
                    description="MOD_COALAWEBSOCIALLINKS_FIELD_APP_ID_DESC" />
                                        
                <field 
                    name="display_facebook_bm" 
                    type="radio" 
                    class="btn-group"  
                    default="0" 
                    label="MOD_COALAWEBSOCIALLINKS_FIELD_DISPLAYFACEBOOK_BM_LABEL" 
                    description="MOD_COALAWEBSOCIALLINKS_FIELD_DISPLAYFACEBOOK_BM_DESC" >
                    <option value="0">CW_NO</option>
                    <option value="1">CW_YES</option>
                </field>  
                                
                <field
                    type="spacer" 
                    name="bm_social_spacer" 
                    label="MOD_COALAWEBSOCIALLINKS_SPACER_SOCIAL"
                    class="cw_label" />
                                
                <field 
                    name="display_delicious_bm" 
                    type="radio" 
                    class="btn-group"  
                    default="1" 
                    label="MOD_COALAWEBSOCIALLINKS_FIELD_DISPLAYDELICIOUS_BM_LABEL" 
                    description="MOD_COALAWEBSOCIALLINKS_FIELD_DISPLAYDELICIOUS_BM_DESC" >
                    <option value="0">CW_NO</option>
                    <option value="1">CW_YES</option>
                </field>
                        
                <field 
                    name="display_digg_bm" 
                    type="radio" 
                    class="btn-group"  
                    default="1" 
                    label="MOD_COALAWEBSOCIALLINKS_FIELD_DISPLAYDIGG_BM_LABEL" 
                    description="MOD_COALAWEBSOCIALLINKS_FIELD_DISPLAYDIGG_BM_DESC" >
                    <option value="0">CW_NO</option>
                    <option value="1">CW_YES</option>
                </field>
                                                        

                <field 
                    name="display_google_bm" 
                    type="radio" 
                    class="btn-group"  
                    default="1" 
                    label="MOD_COALAWEBSOCIALLINKS_FIELD_DISPLAYGOOGLE_BM_LABEL" 
                    description="MOD_COALAWEBSOCIALLINKS_FIELD_DISPLAYGOOGLE_BM_DESC" >
                    <option value="0">CW_NO</option>
                    <option value="1">CW_YES</option>
                </field>
                        
                <field 
                    name="display_linkedin_bm" 
                    type="radio" 
                    class="btn-group"  
                    default="1" 
                    label="MOD_COALAWEBSOCIALLINKS_FIELD_DISPLAYLINKEDIN_BM_LABEL" 
                    description="MOD_COALAWEBSOCIALLINKS_FIELD_DISPLAYLINKEDIN_BM_DESC" >
                    <option value="0">CW_NO</option>
                    <option value="1">CW_YES</option>
                </field>
                        
                <field 
                    name="display_stumbleupon_bm" 
                    type="radio" 
                    class="btn-group"  
                    default="1" 
                    label="MOD_COALAWEBSOCIALLINKS_FIELD_DISPLAYSTUMBLEUPON_BM_LABEL" 
                    description="MOD_COALAWEBSOCIALLINKS_FIELD_DISPLAYSTUMBLEUPON_BM_DESC" >
                    <option value="0">CW_NO</option>
                    <option value="1">CW_YES</option>
                </field>
                        
                <field 
                    name="display_twitter_bm" 
                    type="radio" 
                    class="btn-group"  
                    default="1" 
                    label="MOD_COALAWEBSOCIALLINKS_FIELD_DISPLAYTWITTER_BM_LABEL" 
                    description="MOD_COALAWEBSOCIALLINKS_FIELD_DISPLAYTWITTER_BM_DESC" >
                    <option value="0">CW_NO</option>
                    <option value="1">CW_YES</option>
                </field>
                        
                <field 
                    name="display_reddit_bm" 
                    type="radio" 
                    class="btn-group"  
                    default="1" 
                    label="MOD_COALAWEBSOCIALLINKS_FIELD_DISPLAYREDDIT_BM_LABEL" 
                    description="MOD_COALAWEBSOCIALLINKS_FIELD_DISPLAYREDDIT_BM_DESC" >
                    <option value="0">CW_NO</option>
                    <option value="1">CW_YES</option>
                </field>
                        
                <field 
                    name="display_newsvine_bm" 
                    type="radio" 
                    class="btn-group"  
                    default="1" 
                    label="MOD_COALAWEBSOCIALLINKS_FIELD_DISPLAYNEWSVINE_BM_LABEL" 
                    description="MOD_COALAWEBSOCIALLINKS_FIELD_DISPLAYNEWSVINE_BM_DESC" >
                    <option value="0">CW_NO</option>
                    <option value="1">CW_YES</option>
                </field>
                        
                <field 
                    name="display_email_bm"
                    type="radio" 
                    class="btn-group"  
                    default="1" 
                    label="MOD_COALAWEBSOCIALLINKS_FIELD_DISPLAYEMAIL_BM_LABEL" 
                    description="MOD_COALAWEBSOCIALLINKS_FIELD_DISPLAYEMAIL_BM_DESC" >
                    <option value="0">CW_NO</option>
                    <option value="1">CW_YES</option>
                </field>
                
                <field 
                    name="display_pinterest_bm"
                    type="radio" 
                    class="btn-group"  
                    default="0" 
                    label="MOD_COALAWEBSOCIALLINKS_FIELD_DISPLAYPINTEREST_BM_LABEL" 
                    description="MOD_COALAWEBSOCIALLINKS_FIELD_DISPLAYPINTEREST_BM_DESC" >
                    <option value="0">CW_NO</option>
                    <option value="1">CW_YES</option>
                </field>

            </fieldset>
                    
            <fieldset 
                name="FOLLOW_GENERAL"
                label="MOD_COALAWEBSOCIALLINKS_TABS_FOLLOW_OPTIONS">
                
                <field
                    type="spacer" 
                    name="gen_spacer" 
                    label="MOD_COALAWEBSOCIALLINKS_TITLE_GENERAL"
                    class="cw_label" />
                
                <field 
                    name="border_color_f" 
                    type="jscolor" 
                    default="C4C4C4" 
                    label="MOD_COALAWEBSOCIALLINKS_FIELD_COLORBORDER_LABEL" 
                    description="MOD_COALAWEBSOCIALLINKS_FIELD_COLORBORDER_DESC" />     
                
                <field 
                    name="display_title_f" 
                    type="radio" 
                    class="btn-group"  
                    default="1" 
                    label="MOD_COALAWEBSOCIALLINKS_FIELD_DISPLAYTITLE_F_LABEL" 
                    description="MOD_COALAWEBSOCIALLINKS_FIELD_DISPLAYTITLE_F_DESC" >
                    <option value="0">CW_NO</option>
                    <option value="1">CW_YES</option>
                </field>
                
                <field 
                    name="title_color_f" 
                    type="jscolor" 
                    default="444444" 
                    label="MOD_COALAWEBSOCIALLINKS_FIELD_COLORTITLE_LABEL" 
                    description="MOD_COALAWEBSOCIALLINKS_FIELD_COLORTITLE_DESC" />
                        
                <field 
                    name="title_f" 
                    type="text" 
                    default="" 
                    size="20" 
                    label="MOD_COALAWEBSOCIALLINKS_FIELD_TITLE_F_LABEL" 
                    description="MOD_COALAWEBSOCIALLINKS_FIELD_TITLE_F_DESC" />          
                
                <field 
                    name="display_text_f" 
                    type="radio" 
                    class="btn-group"  
                    default="0" 
                    label="MOD_COALAWEBSOCIALLINKS_FIELD_DISPLAYTEXT_LABEL" 
                    description="MOD_COALAWEBSOCIALLINKS_FIELD_DISPLAYTEXT_DESC" >
                    <option value="0">CW_NO</option>
                    <option value="1">CW_YES</option>
                </field>
                
                <field 
                    name="text_f" 
                    type="textarea" 
                    default="" 
                    rows="10" 
                    cols="30" 
                    filter="raw"
                    label="MOD_COALAWEBSOCIALLINKS_FIELD_TEXT_LABEL" 
                    description="MOD_COALAWEBSOCIALLINKS_FIELD_TEXT_LABEL" />                     
         
            </fieldset>
            
            <fieldset 
                name="FOLLOW_ATOE"
                label="MOD_COALAWEBSOCIALLINKS_FOLLOW_ATOE_OPTIONS">
                
                <field
                    type="spacer" 
                    name="and_spacer" 
                    label="MOD_COALAWEBSOCIALLINKS_TITLE_ANDROID"
                    class="cw_label" />
                                
                <field 
                    name="display_android_f" 
                    type="radio" 
                    class="btn-group"  
                    default="0" 
                    label="MOD_COALAWEBSOCIALLINKS_FIELD_DISPLAYANDROID_F_LABEL" 
                    description="MOD_COALAWEBSOCIALLINKS_FIELD_DISPLAYANDROID_F_DESC" >
                    <option value="0">CW_NO</option>
                    <option value="1">CW_YES</option>
                </field>
                        
                <field 
                    name="link_android" 
                    type="text"
                    size="20" 
                    default="www.android.com" 
                    label="MOD_COALAWEBSOCIALLINKS_FIELD_LINKANDROID_F_LABEL" 
                    description="MOD_COALAWEBSOCIALLINKS_FIELD_LINKANDROID_F_DESC" />
                
                <field
                    type="spacer" 
                    name="beh_spacer" 
                    label="MOD_COALAWEBSOCIALLINKS_TITLE_BEHANCE"
                    class="cw_label" />
                                
                <field 
                    name="display_behance_f" 
                    type="radio" 
                    class="btn-group"  
                    default="1" 
                    label="MOD_COALAWEBSOCIALLINKS_FIELD_DISPLAYBEHANCE_F_LABEL" 
                    description="MOD_COALAWEBSOCIALLINKS_FIELD_DISPLAYBEHANCE_F_DESC" >
                    <option value="0">CW_NO</option>
                    <option value="1">CW_YES</option>
                </field>
                        
                <field 
                    name="link_behance" 
                    type="text"
                    size="20" 
                    default="www.behance.com" 
                    label="MOD_COALAWEBSOCIALLINKS_FIELD_LINKBEHANCE_F_LABEL" 
                    description="MOD_COALAWEBSOCIALLINKS_FIELD_LINKBEHANCE_F_DESC" />
                
                <field
                    type="spacer" 
                    name="blo_spacer" 
                    label="MOD_COALAWEBSOCIALLINKS_TITLE_BLOGGER"
                    class="cw_label" />
                                
                <field 
                    name="display_blogger_f" 
                    type="radio" 
                    class="btn-group"  
                    default="0" 
                    label="MOD_COALAWEBSOCIALLINKS_FIELD_DISPLAYBLOGGER_F_LABEL" 
                    description="MOD_COALAWEBSOCIALLINKS_FIELD_DISPLAYBLOGGER_F_DESC" >
                    <option value="0">CW_NO</option>
                    <option value="1">CW_YES</option>
                </field>
                        
                <field 
                    name="link_blogger" 
                    type="text"
                    size="20" 
                    default="www.blogger.com" 
                    label="MOD_COALAWEBSOCIALLINKS_FIELD_LINKBLOGGER_F_LABEL" 
                    description="MOD_COALAWEBSOCIALLINKS_FIELD_LINKBLOGGER_F_DESC" />
                
                <field
                    type="spacer" 
                    name="con_spacer" 
                    label="MOD_COALAWEBSOCIALLINKS_TITLE_CONTACTUS"
                    class="cw_label" />
                                
                <field 
                    name="display_contact_f" 
                    type="radio" 
                    class="btn-group"  
                    default="1" 
                    label="MOD_COALAWEBSOCIALLINKS_FIELD_DISPLAYCONTACT_F_LABEL" 
                    description="MOD_COALAWEBSOCIALLINKS_FIELD_DISPLAYCONTACT_F_DESC" >
                    <option value="0">CW_NO</option>
                    <option value="1">CW_YES</option>
                </field>
                
                <field 
                    name="link_target_contact" 
                    type="list" 
                    default="self" 
                    label="MOD_COALAWEBSOCIALLINKS_FIELD_LINK_TARGET_LABEL" 
                    description="MOD_COALAWEBSOCIALLINKS_FIELD_LINK_TARGET_DESC" >
                    <option value="self">MOD_COALAWEBSOCIALLINKS_FIELD_LINK_TARGET_OPT1</option>
                    <option value="blank">MOD_COALAWEBSOCIALLINKS_FIELD_LINK_TARGET_OPT2</option>
                </field>
                        
                <field 
                    name="link_contact" 
                    type="text"
                    size="20" 
                    default="www.example.com/contact-us" 
                    label="MOD_COALAWEBSOCIALLINKS_FIELD_LINKCONTACT_F_LABEL" 
                    description="MOD_COALAWEBSOCIALLINKS_FIELD_LINKCONTACT_F_DESC" />
                
                <field
                    type="spacer" 
                    name="dri_spacer" 
                    label="MOD_COALAWEBSOCIALLINKS_TITLE_DRIBBLE"
                    class="cw_label" />
                                
                <field 
                    name="display_dribbble_f" 
                    type="radio" 
                    class="btn-group"  
                    default="1" 
                    label="MOD_COALAWEBSOCIALLINKS_FIELD_DISPLAYDRIBBLE_F_LABEL" 
                    description="MOD_COALAWEBSOCIALLINKS_FIELD_DISPLAYDRIBBLE_F_DESC" >
                    <option value="0">CW_NO</option>
                    <option value="1">CW_YES</option>
                </field>
                        
                <field 
                    name="link_dribbble" 
                    type="text"
                    size="20" 
                    default="www.dribbble.com" 
                    label="MOD_COALAWEBSOCIALLINKS_FIELD_LINKDRIBBLE_F_LABEL" 
                    description="MOD_COALAWEBSOCIALLINKS_FIELD_LINKDRIBBLE_F_DESC" />
                
                <field
                    type="spacer" 
                    name="dev_spacer" 
                    label="MOD_COALAWEBSOCIALLINKS_TITLE_DEVIANTART"
                    class="cw_label" />
                        
                <field 
                    name="display_deviantart_f" 
                    type="radio" 
                    class="btn-group"  
                    default="1" 
                    label="MOD_COALAWEBSOCIALLINKS_FIELD_DISPLAYDEVIANTART_F_LABEL" 
                    description="MOD_COALAWEBSOCIALLINKS_FIELD_DISPLAYDEVIANTART_F_DESC" >
                    <option value="0">CW_NO</option>
                    <option value="1">CW_YES</option>
                </field>
                        
                <field 
                    name="link_deviantart" 
                    type="text"
                    size="20" 
                    default="www.deviantart.com" 
                    label="MOD_COALAWEBSOCIALLINKS_FIELD_LINKDEVIANTART_F_LABEL" 
                    description="MOD_COALAWEBSOCIALLINKS_FIELD_LINKDEVIANTART_F_DESC" /> 
                
                <field
                    type="spacer" 
                    name="des_spacer" 
                    label="MOD_COALAWEBSOCIALLINKS_TITLE_DESIGNMOO"
                    class="cw_label" />
                                
                <field 
                    name="display_designmoo_f" 
                    type="radio" 
                    class="btn-group"  
                    default="1" 
                    label="MOD_COALAWEBSOCIALLINKS_FIELD_DISPLAYDESIGNMOO_F_LABEL" 
                    description="MOD_COALAWEBSOCIALLINKS_FIELD_DISPLAYDESIGNMOO_F_DESC" >
                    <option value="0">CW_NO</option>
                    <option value="1">CW_YES</option>
                </field>
                        
                <field 
                    name="link_designmoo" 
                    type="text"
                    size="20" 
                    default="www.designmoo.com" 
                    label="MOD_COALAWEBSOCIALLINKS_FIELD_LINKDESIGNMOO_F_LABEL" 
                    description="MOD_COALAWEBSOCIALLINKS_FIELD_LINKDESIGNMOO_F_DESC" />
                
                <field
                    type="spacer" 
                    name="eba_spacer" 
                    label="MOD_COALAWEBSOCIALLINKS_TITLE_EBAY"
                    class="cw_label" />
                
                <field 
                    name="display_ebay_f" 
                    type="radio" 
                    class="btn-group"  
                    default="1" 
                    label="MOD_COALAWEBSOCIALLINKS_FIELD_DISPLAYEBAY_F_LABEL" 
                    description="MOD_COALAWEBSOCIALLINKS_FIELD_DISPLAYEBAY_F_DESC" >
                    <option value="0">CW_NO</option>
                    <option value="1">CW_YES</option>
                </field>
                        
                <field 
                    name="link_ebay" 
                    type="text"
                    size="20" 
                    default="www.ebay.es" 
                    label="MOD_COALAWEBSOCIALLINKS_FIELD_LINKEBAY_F_LABEL" 
                    description="MOD_COALAWEBSOCIALLINKS_FIELD_LINKEBAY_F_DESC" />
                
            </fieldset>
                    
            <fieldset 
                name="FOLLOW_FTOJ"
                label="MOD_COALAWEBSOCIALLINKS_FOLLOW_FTOJ_OPTIONS">
                
                <field
                    type="spacer" 
                    name="fac_spacer" 
                    label="MOD_COALAWEBSOCIALLINKS_TITLE_FACEBOOK"
                    class="cw_label" />
                        
                <field 
                    name="display_facebook_f" 
                    type="radio" 
                    class="btn-group"  
                    default="1" 
                    label="MOD_COALAWEBSOCIALLINKS_FIELD_DISPLAYFACEBOOK_F_LABEL" 
                    description="MOD_COALAWEBSOCIALLINKS_FIELD_DISPLAYFACEBOOK_F_DESC" >
                    <option value="0">CW_NO</option>
                    <option value="1">CW_YES</option>
                </field>
                        
                <field 
                    name="link_facebook" 
                    type="text"
                    size="20" 
                    default="www.facebook.com" 
                    label="MOD_COALAWEBSOCIALLINKS_FIELD_LINKFACEBOOK_F_LABEL" 
                    description="MOD_COALAWEBSOCIALLINKS_FIELD_LINKFACEBOOK_F_DESC" />
                
                <field
                    type="spacer" 
                    name="fli_spacer" 
                    label="MOD_COALAWEBSOCIALLINKS_TITLE_FLICKR"
                    class="cw_label" />
                                
                <field 
                    name="display_flickr_f" 
                    type="radio" 
                    class="btn-group"  
                    default="1" 
                    label="MOD_COALAWEBSOCIALLINKS_FIELD_DISPLAYFLICKR_F_LABEL" 
                    description="MOD_COALAWEBSOCIALLINKS_FIELD_DISPLAYFLICKR_F_DESC" >
                    <option value="0">CW_NO</option>
                    <option value="1">CW_YES</option>
                </field>
                        
                <field 
                    name="link_flickr" 
                    type="text"
                    size="20" 
                    default="www.flickr.com" 
                    label="MOD_COALAWEBSOCIALLINKS_FIELD_LINKFLICKR_F_LABEL" 
                    description="MOD_COALAWEBSOCIALLINKS_FIELD_LINKFLICKR_F_DESC" />
                
                <field
                    type="spacer" 
                    name="gog_spacer" 
                    label="MOD_COALAWEBSOCIALLINKS_TITLE_GOOGLEPLUS"
                    class="cw_label" />
                        
                <field 
                    name="display_google_f" 
                    type="radio" 
                    class="btn-group"  
                    default="1" 
                    label="MOD_COALAWEBSOCIALLINKS_FIELD_DISPLAYGOOGLEPLUS_F_LABEL" 
                    description="MOD_COALAWEBSOCIALLINKS_FIELD_DISPLAYGOOGLEPLUS_F_DESC" >
                    <option value="0">CW_NO</option>
                    <option value="1">CW_YES</option>
                </field>
                        
                <field 
                    name="link_google" 
                    type="text"
                    size="20" 
                    default="www.google.com" 
                    label="MOD_COALAWEBSOCIALLINKS_FIELD_LINKGOOGLEPLUS_F_LABEL" 
                    description="MOD_COALAWEBSOCIALLINKS_FIELD_LINKGOOGLEPLUS_F_DESC" />
                
                <field
                    type="spacer" 
                    name="git_spacer" 
                    label="MOD_COALAWEBSOCIALLINKS_TITLE_GITHUB"
                    class="cw_label" />
                        
                <field 
                    name="display_github_f" 
                    type="radio" 
                    class="btn-group"  
                    default="0" 
                    label="MOD_COALAWEBSOCIALLINKS_FIELD_DISPLAYGITHUB_F_LABEL" 
                    description="MOD_COALAWEBSOCIALLINKS_FIELD_DISPLAYGITHUB_F_DESC" >
                    <option value="0">CW_NO</option>
                    <option value="1">CW_YES</option>
                </field>
                        
                <field 
                    name="link_github" 
                    type="text"
                    size="20" 
                    default="www.github.com" 
                    label="MOD_COALAWEBSOCIALLINKS_FIELD_LINKGITHUB_F_LABEL" 
                    description="MOD_COALAWEBSOCIALLINKS_FIELD_LINKGITHUB_F_DESC" />
                
                <field
                    type="spacer" 
                    name="ins_spacer" 
                    label="MOD_COALAWEBSOCIALLINKS_TITLE_INSTAGRAM"
                    class="cw_label" />
                        
                <field 
                    name="display_instagram_f" 
                    type="radio" 
                    class="btn-group"  
                    default="0" 
                    label="MOD_COALAWEBSOCIALLINKS_FIELD_DISPLAYINSTAGRAM_F_LABEL" 
                    description="MOD_COALAWEBSOCIALLINKS_FIELD_DISPLAYINSTAGRAM_F_DESC" >
                    <option value="0">CW_NO</option>
                    <option value="1">CW_YES</option>
                </field>
                        
                <field 
                    name="link_instagram" 
                    type="text"
                    size="20" 
                    default="www.instagram.com" 
                    label="MOD_COALAWEBSOCIALLINKS_FIELD_LINKINSTAGRAM_F_LABEL" 
                    description="MOD_COALAWEBSOCIALLINKS_FIELD_LINKINSTAGRAM_F_DESC" />
                    
            </fieldset>
                                
            <fieldset 
                name="FOLLOW_KTOO"
                label="MOD_COALAWEBSOCIALLINKS_FOLLOW_KTOO_OPTIONS">
                
                <field
                    type="spacer" 
                    name="lin_spacer" 
                    label="MOD_COALAWEBSOCIALLINKS_TITLE_LINKEDIN"
                    class="cw_label" />
                                
                <field 
                    name="display_linkedin_f" 
                    type="radio" 
                    class="btn-group"  
                    default="1" 
                    label="MOD_COALAWEBSOCIALLINKS_FIELD_DISPLAYLINKEDIN_F_LABEL" 
                    description="MOD_COALAWEBSOCIALLINKS_FIELD_DISPLAYLINKEDIN_F_DESC" >
                    <option value="0">CW_NO</option>
                    <option value="1">CW_YES</option>
                </field>
                        
                <field 
                    name="link_linkedin" 
                    type="text"
                    size="20" 
                    default="www.linkedin.com" 
                    label="MOD_COALAWEBSOCIALLINKS_FIELD_LINKLINKEDIN_F_LABEL" 
                    description="MOD_COALAWEBSOCIALLINKS_FIELD_LINKLINKEDIN_F_DESC" />
                
                <field
                    type="spacer" 
                    name="las_spacer" 
                    label="MOD_COALAWEBSOCIALLINKS_TITLE_LASTFM"
                    class="cw_label" />
                        
                <field 
                    name="display_lastfm_f" 
                    type="radio" 
                    class="btn-group"  
                    default="1" 
                    label="MOD_COALAWEBSOCIALLINKS_FIELD_DISPLAYLASTFM_F_LABEL" 
                    description="MOD_COALAWEBSOCIALLINKS_FIELD_DISPLAYLASTFM_F_DESC" >
                    <option value="0">CW_NO</option>
                    <option value="1">CW_YES</option>
                </field>
                        
                <field 
                    name="link_lastfm" 
                    type="text"
                    size="20" 
                    default="www.last.fm" 
                    label="MOD_COALAWEBSOCIALLINKS_FIELD_LINKLASTFM_F_LABEL" 
                    description="MOD_COALAWEBSOCIALLINKS_FIELD_LINKLASTFM_F_DESC" />
                
                <field
                    type="spacer" 
                    name="mys_spacer" 
                    label="MOD_COALAWEBSOCIALLINKS_TITLE_MYSPACE"
                    class="cw_label" />
                                                                                
                <field 
                    name="display_myspace_f" 
                    type="radio" 
                    class="btn-group"  
                    default="1" 
                    label="MOD_COALAWEBSOCIALLINKS_FIELD_DISPLAYMYSPACE_F_LABEL" 
                    description="MOD_COALAWEBSOCIALLINKS_FIELD_DISPLAYMYSPACE_F_DESC" >
                    <option value="0">CW_NO</option>
                    <option value="1">CW_YES</option>
                </field>
                        
                <field 
                    name="link_myspace" 
                    type="text"
                    size="20" 
                    default="www.myspace.com" 
                    label="MOD_COALAWEBSOCIALLINKS_FIELD_LINKMYSPACE_F_LABEL" 
                    description="MOD_COALAWEBSOCIALLINKS_FIELD_LINKMYSPACE_F_DESC" />
                
                <field
                    type="spacer" 
                    name="mai_spacer" 
                    label="MOD_COALAWEBSOCIALLINKS_TITLE_MAILUS"
                    class="cw_label" />
                                
                <field 
                    name="display_mail_f" 
                    type="radio" 
                    class="btn-group"  
                    default="1" 
                    label="MOD_COALAWEBSOCIALLINKS_FIELD_DISPLAYMAIL_F_LABEL" 
                    description="MOD_COALAWEBSOCIALLINKS_FIELD_DISPLAYMAIL_F_DESC" >
                    <option value="0">CW_NO</option>
                    <option value="1">CW_YES</option>
                </field>
                        
                <field 
                    name="link_mail" 
                    type="text"
                    size="20" 
                    default="email@social.com" 
                    label="MOD_COALAWEBSOCIALLINKS_FIELD_LINKMAIL_F_LABEL" 
                    description="MOD_COALAWEBSOCIALLINKS_FIELD_LINKMAIL_F_DESC" />
                
            </fieldset>
            
            <fieldset 
                name="FOLLOW_PTOT"
                label="MOD_COALAWEBSOCIALLINKS_FOLLOW_PTOT_OPTIONS">
                
                <field
                    type="spacer" 
                    name="pin_spacer" 
                    label="MOD_COALAWEBSOCIALLINKS_TITLE_PINTEREST"
                    class="cw_label" />
                        
                <field 
                    name="display_pinterest_f" 
                    type="radio" 
                    class="btn-group"  
                    default="1" 
                    label="MOD_COALAWEBSOCIALLINKS_FIELD_DISPLAYPINTEREST_F_LABEL" 
                    description="MOD_COALAWEBSOCIALLINKS_FIELD_DISPLAYPINTEREST_F_DESC" >
                    <option value="0">CW_NO</option>
                    <option value="1">CW_YES</option>
                </field>
                        
                <field 
                    name="link_pinterest" 
                    type="text"
                    size="20" 
                    default="www.pinterest.com" 
                    label="MOD_COALAWEBSOCIALLINKS_FIELD_LINKPINTEREST_F_LABEL" 
                    description="MOD_COALAWEBSOCIALLINKS_FIELD_LINKPINTEREST_F_DESC" />

                <field
                    type="spacer" 
                    name="rss_spacer" 
                    label="MOD_COALAWEBSOCIALLINKS_TITLE_RSS"
                    class="cw_label" />
                                                                
                <field 
                    name="display_rss_f" 
                    type="radio" 
                    class="btn-group"  
                    default="1" 
                    label="MOD_COALAWEBSOCIALLINKS_FIELD_DISPLAYRSS_F_LABEL" 
                    description="MOD_COALAWEBSOCIALLINKS_FIELD_DISPLAYRSS_F_DESC" >
                    <option value="0">CW_NO</option>
                    <option value="1">CW_YES</option>
                </field>
                        
                <field 
                    name="link_rss" 
                    type="text"
                    size="20" 
                    default="www.example.com/rss" 
                    label="MOD_COALAWEBSOCIALLINKS_FIELD_LINKRSS_F_LABEL" 
                    description="MOD_COALAWEBSOCIALLINKS_FIELD_LINKRSS_F_DESC" />
                
                <field
                    type="spacer" 
                    name="spotify_spacer" 
                    label="MOD_COALAWEBSOCIALLINKS_TITLE_SPOTIFY"
                    class="cw_label" />
                        
                <field 
                    name="display_spotify_f" 
                    type="radio" 
                    class="btn-group"  
                    default="0" 
                    label="MOD_COALAWEBSOCIALLINKS_FIELD_DISPLAYSPOTIFY_F_LABEL" 
                    description="MOD_COALAWEBSOCIALLINKS_FIELD_DISPLAYSPOTIFY_F_DESC" >
                    <option value="0">CW_NO</option>
                    <option value="1">CW_YES</option>
                </field>
                        
                <field 
                    name="link_spotify" 
                    type="text"
                    size="20" 
                    default="www.spotify.com" 
                    label="MOD_COALAWEBSOCIALLINKS_FIELD_LINKSPOTIFY_F_LABEL" 
                    description="MOD_COALAWEBSOCIALLINKS_FIELD_LINKSPOTIFY_F_DESC" />
                
                <field
                    type="spacer" 
                    name="tri_spacer" 
                    label="MOD_COALAWEBSOCIALLINKS_TITLE_TRIPADVISOR"
                    class="cw_label" />
                                
                <field 
                    name="display_tripadvisor_f" 
                    type="radio" 
                    class="btn-group"  
                    default="0" 
                    label="MOD_COALAWEBSOCIALLINKS_FIELD_DISPLAYTRIPADVISOR_F_LABEL" 
                    description="MOD_COALAWEBSOCIALLINKS_FIELD_DISPLAYTRIPADVISOR_F_DESC" >
                    <option value="0">CW_NO</option>
                    <option value="1">CW_YES</option>
                </field>
                        
                <field 
                    name="link_tripadvisor" 
                    type="text"
                    size="20" 
                    default="www.tripadvisor.com" 
                    label="MOD_COALAWEBSOCIALLINKS_FIELD_LINKTRIPADVISOR_F_LABEL" 
                    description="MOD_COALAWEBSOCIALLINKS_FIELD_LINKTRIPADVISOR_F_DESC" />
                
                <field
                    type="spacer" 
                    name="twi_spacer" 
                    label="MOD_COALAWEBSOCIALLINKS_TITLE_TWITTER"
                    class="cw_label" />
                                                
                <field 
                    name="display_twitter_f" 
                    type="radio" 
                    class="btn-group"  
                    default="1" 
                    label="MOD_COALAWEBSOCIALLINKS_FIELD_DISPLAYTWITTER_F_LABEL" 
                    description="MOD_COALAWEBSOCIALLINKS_FIELD_DISPLAYTWITTER_F_DESC" >
                    <option value="0">CW_NO</option>
                    <option value="1">CW_YES</option>
                </field>
                        
                <field 
                    name="link_twitter" 
                    type="text"
                    size="20" 
                    default="www.twitter.com" 
                    label="MOD_COALAWEBSOCIALLINKS_FIELD_LINKTWITTER_F_LABEL" 
                    description="MOD_COALAWEBSOCIALLINKS_FIELD_LINKTWITTER_F_DESC" />
                
                <field
                    type="spacer" 
                    name="tue_spacer" 
                    label="MOD_COALAWEBSOCIALLINKS_TITLE_TUENTI"
                    class="cw_label" />
                                
                <field 
                    name="display_tuenti_f" 
                    type="radio" 
                    class="btn-group"  
                    default="1" 
                    label="MOD_COALAWEBSOCIALLINKS_FIELD_DISPLAYTUENTI_F_LABEL" 
                    description="MOD_COALAWEBSOCIALLINKS_FIELD_DISPLAYTUENTI_F_DESC" >
                    <option value="0">CW_NO</option>
                    <option value="1">CW_YES</option>
                </field>
                        
                <field 
                    name="link_tuenti" 
                    type="text"
                    size="20" 
                    default="www.tuenti.com" 
                    label="MOD_COALAWEBSOCIALLINKS_FIELD_LINKTUENTI_F_LABEL" 
                    description="MOD_COALAWEBSOCIALLINKS_FIELD_LINKTUENTI_F_DESC" />
                
                <field
                    type="spacer" 
                    name="tum_spacer" 
                    label="MOD_COALAWEBSOCIALLINKS_TITLE_TUMBLR"
                    class="cw_label" />
                        
                <field 
                    name="display_tumblr_f" 
                    type="radio" 
                    class="btn-group"  
                    default="0" 
                    label="MOD_COALAWEBSOCIALLINKS_FIELD_DISPLAYTUMBLR_F_LABEL" 
                    description="MOD_COALAWEBSOCIALLINKS_FIELD_DISPLAYTUMBLR_F_DESC" >
                    <option value="0">CW_NO</option>
                    <option value="1">CW_YES</option>
                </field>
                        
                <field 
                    name="link_tumblr" 
                    type="text"
                    size="20" 
                    default="www.tumblr.com" 
                    label="MOD_COALAWEBSOCIALLINKS_FIELD_LINKTUMBLR_F_LABEL" 
                    description="MOD_COALAWEBSOCIALLINKS_FIELD_LINKTUMBLR_F_DESC" />

            </fieldset>
            
            <fieldset 
                name="FOLLOW_UTOZ"
                label="MOD_COALAWEBSOCIALLINKS_FOLLOW_UTOZ_OPTIONS">
                            
                <field
                    type="spacer" 
                    name="vim_spacer" 
                    label="MOD_COALAWEBSOCIALLINKS_TITLE_VIMEO"
                    class="cw_label" />
                        
                <field 
                    name="display_vimeo_f" 
                    type="radio" 
                    class="btn-group"  
                    default="1" 
                    label="MOD_COALAWEBSOCIALLINKS_FIELD_DISPLAYVIMEO_F_LABEL" 
                    description="MOD_COALAWEBSOCIALLINKS_FIELD_DISPLAYVIMEO_F_DESC" >
                    <option value="0">CW_NO</option>
                    <option value="1">CW_YES</option>
                </field>
                        
                <field 
                    name="link_vimeo" 
                    type="text"
                    size="20" 
                    default="www.vimeo.com" 
                    label="MOD_COALAWEBSOCIALLINKS_FIELD_LINKVIMEO_F_LABEL" 
                    description="MOD_COALAWEBSOCIALLINKS_FIELD_LINKVIMEO_F_DESC" />
                
                <field
                    type="spacer" 
                    name="you_spacer" 
                    label="MOD_COALAWEBSOCIALLINKS_TITLE_YOUTUBE"
                    class="cw_label" />
                        
                <field 
                    name="display_youtube_f" 
                    type="radio" 
                    class="btn-group"  
                    default="1" 
                    label="MOD_COALAWEBSOCIALLINKS_FIELD_DISPLAYYOUTUBE_F_LABEL" 
                    description="MOD_COALAWEBSOCIALLINKS_FIELD_DISPLAYYOUTUBE_F_DESC" >
                    <option value="0">CW_NO</option>
                    <option value="1">CW_YES</option>
                </field>
                        
                <field 
                    name="link_youtube" 
                    type="text"
                    size="20" 
                    default="www.youtube.com" 
                    label="MOD_COALAWEBSOCIALLINKS_FIELD_LINKYOUTUBE_F_LABEL" 
                    description="MOD_COALAWEBSOCIALLINKS_FIELD_LINKYOUTUBE_F_DESC" />
                                
                <field
                    type="spacer" 
                    name="xin_spacer" 
                    label="MOD_COALAWEBSOCIALLINKS_TITLE_XING"
                    class="cw_label" />
                        
                <field 
                    name="display_xing_f" 
                    type="radio" 
                    class="btn-group"  
                    default="0" 
                    label="MOD_COALAWEBSOCIALLINKS_FIELD_DISPLAYXING_F_LABEL" 
                    description="MOD_COALAWEBSOCIALLINKS_FIELD_DISPLAYXING_F_DESC" >
                    <option value="0">CW_NO</option>
                    <option value="1">CW_YES</option>
                </field>
                        
                <field 
                    name="link_xing" 
                    type="text"
                    size="20" 
                    default="www.xing.com" 
                    label="MOD_COALAWEBSOCIALLINKS_FIELD_LINKXING_F_LABEL" 
                    description="MOD_COALAWEBSOCIALLINKS_FIELD_LINKXING_F_DESC" />
                
            </fieldset>
            
            <fieldset 
                name="FOLLOW_CUSTOM"
                label="MOD_COALAWEBSOCIALLINKS_TABS_FOLLOW_CUSTOM">
                        
                <field 
                    type="spacer" 
                    name="c1_spacer" 
                    label="MOD_COALAWEBSOCIALLINKS_SPACER_CUSTOMONE_LABEL"
                    class="cw_label" />
                                    
                <field 
                    name="display_customone_f" 
                    type="radio" 
                    class="btn-group"  
                    default="0" 
                    label="MOD_COALAWEBSOCIALLINKS_FIELD_DISPLAYCUSTOM_F_LABEL" 
                    description="MOD_COALAWEBSOCIALLINKS_FIELD_DISPLAYCUSTOM_F_DESC" >
                    <option value="0">CW_NO</option>
                    <option value="1">CW_YES</option>
                </field>
                        
                <field 
                    name="text_customone" 
                    type="text"
                    size="20" 
                    default="" 
                    label="MOD_COALAWEBSOCIALLINKS_FIELD_TEXTCUSTOM_F_LABEL" 
                    description="MOD_COALAWEBSOCIALLINKS_FIELD_TEXTCUSTOM_F_DESC" />
                        
                <field 
                    name="link_customone" 
                    type="text"
                    size="20" 
                    default="www.custom.com" 
                    label="MOD_COALAWEBSOCIALLINKS_FIELD_LINKCUSTOM_F_LABEL" 
                    description="MOD_COALAWEBSOCIALLINKS_FIELD_LINKCUSTOM_F_DESC" />
                        
                <field 
                    name="icon_customone" 
                    type="media"
                    directory="" 
                    preview="tooltip"
                    label="MOD_COALAWEBSOCIALLINKS_FIELD_ICONCUSTOM_F_LABEL" 
                    description="MOD_COALAWEBSOCIALLINKS_FIELD_ICONCUSTOM_F_DESC" />
                
                <field 
                    name="icon_ext_customone" 
                    type="text"
                    size="20" 
                    default="" 
                    label="MOD_COALAWEBSOCIALLINKS_FIELD_ICONEXTCUSTOM_F_LABEL" 
                    description="MOD_COALAWEBSOCIALLINKS_FIELD_ICONEXTCUSTOM_F_DESC" />
                                                
            </fieldset>

            <fieldset name="advanced">
                        
                <field 
                    name="module_unique_id" 
                    type="text" 
                    default="cwsociallinks1" 
                    label="MOD_COALAWEBSOCIALLINKS_MODID" 
                    description="MOD_COALAWEBSOCIALLINKS_MODID_DESC" />
                                                
                <field 
                    name="moduleclass_sfx" 
                    type="text"
                    label="COM_MODULES_FIELD_MODULECLASS_SFX_LABEL"
                    description="COM_MODULES_FIELD_MODULECLASS_SFX_DESC" />

                <field 
                    name="owncache" 
                    type="list" 
                    default="1"
                    label="COM_MODULES_FIELD_CACHING_LABEL" 
                    description="COM_MODULES_FIELD_CACHING_DESC" >
                    <option value="1">JGLOBAL_USE_GLOBAL</option>
                    <option value="0">COM_MODULES_FIELD_VALUE_NOCACHING</option>
                </field>

                <field 
                    name="cache_time" 
                    type="text" 
                    default="900"
                    label="COM_MODULES_FIELD_CACHE_TIME_LABEL" 
                    description="COM_MODULES_FIELD_CACHE_TIME_DESC" />
                            
                <field 
                    name="load_layout_css" 
                    type="radio" 
                    class="btn-group"  
                    default="1" 
                    label="MOD_COALAWEBSOCIALLINKS_LOADCSS_LABEL" 
                    description="MOD_COALAWEBSOCIALLINKS_LOADCSS_DESC">
                    <option value="0">CW_NO</option>
                    <option value="1">CW_YES</option>
                </field>
                
                <field 
                    name="load_ie7_css" 
                    type="radio" 
                    class="btn-group"  
                    default="1" 
                    label="MOD_COALAWEBSOCIALLINKS_LOADIE7CSS_LABEL" 
                    description="MOD_COALAWEBSOCIALLINKS_LOADIE7CSS_DESC">
                    <option value="0">CW_NO</option>
                    <option value="1">CW_YES</option>
                </field>
                
                <field 
                    name="link_nofollow" 
                    type="radio" 
                    class="btn-group"  
                    default="" 
                    label="MOD_COALAWEBSOCIALLINKS_FIELD_LINKNOFOLLOW_LABEL" 
                    description="MOD_COALAWEBSOCIALLINKS_FIELD_LINKNOFOLLOW_DESC" >
                    <option value="">CW_NO</option>
                    <option value="nofollow">CW_YES</option>
                </field>

            </fieldset>
            
            <fieldset 
                name="VERSION"
                label="MOD_COALAWEBSOCIALLINKS_TITLE_VERSION">
                
                <field 
                    name="go_pro"
                    type="upgrade"
                    label="MOD_COALAWEBSOCIALLINKS_MSG_UPGRADE"/>
                
                <field 
                    name="version_info"
                    type="version"
                    label="com_coalawebsociallinks"/>
            </fieldset>
                
        </fields>
    </config>
</extension>