<?xml version="1.0" encoding="utf-8"?>
<!DOCTYPE install PUBLIC "-//Joomla! 1.6//DTD template 1.0//EN" "http://www.joomla.org/xml/dtd/1.6/template-install.dtd">
<extension version="3.0" type="template" client="site">
<name>Car Deluxe</name>
<version>3.0.0</version>
<creationDate>May 2013</creationDate>
<author>Web Design Builders</author>
<authorEmail>mail@webdesignbuilders.net</authorEmail>
<authorUrl>http://www.joomladeluxe.com</authorUrl>
<copyright>Joomla Deluxe 2013</copyright>
<license>GNU/GPL</license>
<description><![CDATA[<div style="padding:5px;"><h3 style="margin:0px 0px 20px 0px;">Car Deluxe</h3>Joomla 3.3 and 2.5 Template<br />GNU/GPL Template<br /><br />Support : <a href="mailto:mail@webdesignbuilders.net">mail@webdesignbuilders.net</a><br />Website : <a href="http://www.webdesignbuilders.net" target="_blank">Web Design Builders</a></div>]]></description>
<files>
<filename>index.php</filename>
<filename>index.html</filename>
<filename>params.ini</filename>
<filename>templateDetails.xml</filename>
<filename>template_preview.png</filename>
<filename>template_thumbnail.png</filename>
<filename>favicon.ico</filename>
<folder>images</folder>
<folder>wdb</folder>
<folder>css</folder>
<folder>js</folder>
</files>
<positions>
<position>topmenu</position>
<position>topright</position>
<position>header</position>
<position>toolbar</position>
<position>search</position>
<position>banner</position>
<position>advert1</position>
<position>advert2</position>
<position>advert3</position>
<position>advert4</position>
<position>advert5</position>
<position>left</position>
<position>right</position>
<position>user1</position>
<position>user2</position>
<position>user3</position>
<position>user4</position>
<position>user5</position>
<position>user6</position>
<position>user7</position>
<position>user8</position>
<position>user9</position>
<position>footer1</position>
<position>footer2</position>
<position>footer3</position>
<position>footer4</position>
<position>footer5</position>
</positions>
<config>
<fields name="params">
<fieldset name="Basic" label="BASIC CONFIGURATION ">
<field name="logo" type="media" label=" LOGO" default="templates/cardeluxe/images/logo.png" />
<field name="fontfamily" type="list" default="ff1" label="FONT FAMILY">
<option value="ff1"> ARIAL</option>
<option value="ff2"> TIMES NEW ROMAN</option>
<option value="ff3"> COURIER NEW</option>
<option value="ff4"> GEORGIA</option>
<option value="ff5"> VERDANA</option>
<option value="ff6"> GENEVA</option>
<option value="ff7"> BOOK ANTIQUA</option>
</field>
<field name="fontsize" type="list" default="fs1" label="FONT SIZE">
<option value="fs1"> 12PX</option>
<option value="fs2"> 13PX</option>
<option value="fs3"> 14PX</option>
</field>
<field name="menutype" type="list" default="superfish" label="TOOLBAR">
<option value="suckerfish"> SUCKER FISH</option>
<option value="superfish"> MOO MENU</option>
</field>
<field name="copy" type="text" default="" label=" COPYRIGHT">
</field>
</fieldset>
</fields>
</config>
</extension>